Source URL,Target URL,Redirect Type,Ignore Slash,Ignore Case,Regex
/internship/,/gcc-recruitment-guide/internships/,301,Yes,Yes,No
/internship-ultimate-guide/,/gcc-recruitment-guide/internships/,301,Yes,Yes,No
/internship-guidance-launch-your-professional/,/gcc-recruitment-guide/internships/,301,Yes,Yes,No
/uae-internship-guide-2026/,/gcc-recruitment-guide/internships/,301,Yes,Yes,No
/dubai-hospitality-internship-guide-2026/,/gcc-recruitment-guide/internships/hospitality/,301,Yes,Yes,No
/5-star-hotels-in-dubai-for-internship/,/gcc-recruitment-guide/internships/hospitality/,301,Yes,Yes,No
/best-food-and-beverages-internship-tips/,/gcc-recruitment-guide/internships/hospitality/,301,Yes,Yes,No
/best-front-desk-internship-tips/,/gcc-recruitment-guide/internships/hospitality/,301,Yes,Yes,No
/best-kitchen-internship-tips/,/gcc-recruitment-guide/internships/hospitality/,301,Yes,Yes,No
/how-to-apply-for-internship-in-dubai/,/gcc-recruitment-guide/internships/how-to-get-one/,301,Yes,Yes,No
/how-to-get-internship-dubai-2026/,/gcc-recruitment-guide/internships/how-to-get-one/,301,Yes,Yes,No
/how-to-get-internship-dubai-no-experience/,/gcc-recruitment-guide/internships/how-to-get-one/,301,Yes,Yes,No
/how-to-land-a-top-internship-in-the-uae/,/gcc-recruitment-guide/internships/how-to-get-one/,301,Yes,Yes,No
/summer-internships-in-dubai/,/gcc-recruitment-guide/internships/how-to-get-one/,301,Yes,Yes,No
/uae-internships-summer/,/gcc-recruitment-guide/internships/how-to-get-one/,301,Yes,Yes,No
/uae-internship-to-full-time-job/,/gcc-recruitment-guide/internships/convert-to-a-job/,301,Yes,Yes,No
/from-intern-to-employee-making-a-lasting-impression/,/gcc-recruitment-guide/internships/convert-to-a-job/,301,Yes,Yes,No
/how-to-ask-for-more-work-at-your-internship-and-make-a-lasting-impression/,/gcc-recruitment-guide/internships/convert-to-a-job/,301,Yes,Yes,No
/mandatory-internship-benefits/,/gcc-recruitment-guide/internships/what-employers-want/,301,Yes,Yes,No
/internship-stipends-uae-what-companies-pay/,/gcc-recruitment-guide/internships/what-employers-want/,301,Yes,Yes,No
/paid-internship-uae-legal-answer/,/gcc-recruitment-guide/internships/,301,Yes,Yes,No
/paid-internships-in-dubai/,/gcc-recruitment-guide/internships/,301,Yes,Yes,No
/uae-internship-regulations-2026-mohre-guide/,/gcc-recruitment-guide/internships/,301,Yes,Yes,No
