attachment_id,field,old_value,new_value
46198,_wp_attachment_image_alt,,Favourite things list for co-workers
46798,_wp_attachment_image_alt,,Inspire Ambitions career guidance
47062,_wp_attachment_image_alt,,UAE Wage Protection System employer guide cover
47063,_wp_attachment_image_alt,,UAE maternity leave legal entitlement guide cover
47064,_wp_attachment_image_alt,,UAE limited and unlimited contract comparison guide cover
47065,_wp_attachment_image_alt,,UAE Golden Visa salary requirement guide cover
47066,_wp_attachment_image_alt,,UAE probation period rights guide cover
47298,_wp_attachment_image_alt,,Sales manager salary in Dubai 2026
47299,_wp_attachment_image_alt,,Physiotherapist salary in Dubai 2026
47300,_wp_attachment_image_alt,,Spa manager salary in Dubai
47301,_wp_attachment_image_alt,,Project manager salary in Dubai 2026
47302,_wp_attachment_image_alt,,Director of sales salary in Dubai
47303,_wp_attachment_image_alt,,Dentist salary in Dubai 2026
47304,_wp_attachment_image_alt,,Chief engineer salary in Dubai
47305,_wp_attachment_image_alt,,Financial analyst salary in Dubai 2026
47306,_wp_attachment_image_alt,,Operations manager salary in Dubai 2026
47307,_wp_attachment_image_alt,,Executive sous chef salary in Dubai
47308,_wp_attachment_image_alt,,Accountant salary in Dubai 2026
47309,_wp_attachment_image_alt,,Duty manager salary in Dubai
47310,_wp_attachment_image_alt,,Restaurant manager salary in Dubai
47311,_wp_attachment_image_alt,,Hospitality HR manager salary in Dubai
47357,_wp_attachment_image_alt,,AI-powered CV builder tool preview
47358,_wp_attachment_image_alt,,AI job risk calculator tool preview
47359,_wp_attachment_image_alt,,GCC job description generator tool preview
47360,_wp_attachment_image_alt,,UAE hospitality career toolkit preview
47361,_wp_attachment_image_alt,,Emiratisation compliance calculator preview
47362,_wp_attachment_image_alt,,UAE salary calculator preview
47363,_wp_attachment_image_alt,,UAE salary benchmarking tool preview
47364,_wp_attachment_image_alt,,Emiratisation compliance calculator preview
47365,_wp_attachment_image_alt,,UAE notice period calculator preview
47366,_wp_attachment_image_alt,,Dubai CV builder tool preview
47367,_wp_attachment_image_alt,,UAE probation period rights checker preview
47368,_wp_attachment_image_alt,,UAE end of service calculator preview
47369,_wp_attachment_image_alt,,Dubai salary and cost of living calculator preview
47370,_wp_attachment_image_alt,,UAE resignation letter generator preview
47371,_wp_attachment_image_alt,,UAE gratuity calculator preview
47372,_wp_attachment_image_alt,,Free UAE career tools overview
47373,_wp_attachment_image_alt,,UAE travel and relocation tools overview
47374,_wp_attachment_image_alt,,Job and career tools overview
47375,_wp_attachment_image_alt,,Abu Dhabi living cost calculator preview
47385,_wp_attachment_image_alt,,How Dubai hiring managers review CVs guide
47387,_wp_attachment_image_alt,,ATS-friendly CV guide for Dubai
47389,_wp_attachment_image_alt,,CV and resume differences in the UAE
47391,_wp_attachment_image_alt,,UAE professional summary CV examples
47393,_wp_attachment_image_alt,,Dubai hiring manager CV review checklist
47394,_wp_attachment_image_alt,,ATS-friendly CV checklist for Dubai
47395,_wp_attachment_image_alt,,UAE CV and resume comparison
47396,_wp_attachment_image_alt,,Professional summary examples for UAE CVs
47397,_wp_attachment_image_alt,,Guide to including a photo on a UAE CV
47399,_wp_attachment_image_alt,,Novoresume alternative for UAE job seekers
47401,_wp_attachment_image_alt,,How to explain an employment gap on a UAE CV
47403,_wp_attachment_image_alt,,Free UAE CV templates guide
47426,_wp_attachment_image_alt,,UAE hotel HR hiring criteria
47427,_wp_attachment_image_alt,,UAE hotel HR hiring criteria checklist
47428,_wp_attachment_image_alt,,UAE hotel promotion checklist
